לקוח,שם לקוח,תקן,תיאור,אחראי לביצוע,שם אחראי,אגף,גירסה,תאריך הוצאה,תאריך עדכון אחרון,פעיל, , , 
7170,MTU Aero Engines AG,3A0644-00012626,"Issue Note-VANE-TURBINE,STG4 Project V2500",,,,1,08/10/2008,08/10/2008,Active,,,
7170,MTU Aero Engines AG,5381112SK01-00018651,"Issue Note BLADE-LP TURBINE,STG2",,,,,05/02/2009,05/02/2009,Active,,,
7170,MTU Aero Engines AG,7170,Interpretation of drawings,88500,לפיד אלדד,12,18,01/10/2006,01/01/2018,Active,,,
7170,MTU Aero Engines AG,ANNEX,Instructions for Shipments from European Countries,110510,ריהן דניאל,,,01/02/2009,01/11/2011,Active,,,
7170,MTU Aero Engines AG,APM 1-4,Specifications for LPT guide vanes and rotor blades,105155,הרוש ציון,,16,01/07/2007,01/07/2016,Active,,,
7170,MTU Aero Engines AG,APM1-1,Interchangeability of company specifications between MTU Aero Engines und P&W,88500,לפיד אלדד,,20,01/07/2008,01/02/2020,Active,,,
7170,MTU Aero Engines AG,APM1-2,Interchangeability of company specifications between MTU Aero Engines und P&W-Specs,88500,לפיד אלדד,,20,01/07/2008,01/02/2020,Active,,,
7170,MTU Aero Engines AG,Annex B-MUC,"Shipping instructions MTU Aero Engines GmbH
from European Countries (except France)",110403,מירקוס יגאל,,,01/02/2012,01/02/2016,Active,,,
7170,MTU Aero Engines AG,Annex I-MUC,"Shipping instructions MTU Aero Engines GmbH
from Israel",110510,ריהן דניאל,,,01/02/2012,01/06/2016,Active,,,
7170,MTU Aero Engines AG,B50TF56,NICKEL ALUMINUM THERMAL SPRAY POWDER,113522,נפמן אוראל,12,8,01/10/2008,01/10/2008,Active,,,
7170,MTU Aero Engines AG,DIN 65034,"Castings of steel, nickel- and
cobalt alloys",108332,קויתי אבי,,,01/01/2010,01/01/2010,Active,,,
7170,MTU Aero Engines AG,EI,tt,,,,,01/01/2001,01/01/2001,Not Active,,,
7170,MTU Aero Engines AG,EI 385,APS5000A rotor component and sub-assembly balance requirements,88500,לפיד אלדד,12,--,10/01/2018,10/01/2018,Active,,,
7170,MTU Aero Engines AG,FRM 558,Problem-Solving Sheet,307,דיין משה,,16,01/06/2016,01/06/2016,Active,,,
7170,MTU Aero Engines AG,FRM 693,MSA- Summary,307,דיין משה,,17,01/09/2017,01/08/2016,Active,,,
7170,MTU Aero Engines AG,FRM 694,MSA- analysis overview,307,דיין משה,,,01/08/2016,01/08/2016,Active,,,
7170,MTU Aero Engines AG,FRM 695,"Decision-making form for ""non-capable inspection processes""",307,דיין משה,,17,01/09/2017,01/08/2016,Active,,,
7170,MTU Aero Engines AG,FRM 696,Decision-making summary for similarity,307,דיין משה,,,01/08/2016,01/08/2016,Active,,,
7170,MTU Aero Engines AG,FRM 697,MSA- correlation detection,307,דיין משה,,17,01/09/2017,01/08/2016,Active,,,
7170,MTU Aero Engines AG,FRM-824,"Requirements and Documents for the Approval of a
Cleaning Process – MTV1030-5, Abschnitt 4.1.",108787,חן שבתאי,,19,01/05/2019,01/12/2019,Active,,,
7170,MTU Aero Engines AG,FRM-825,"Procedure for testing cleaning processes performed
prior to FPI – MTV1030-5, Clause 4.2",108787,חן שבתאי,,19,01/07/2019,01/07/2019,Active,,,
7170,MTU Aero Engines AG,FRM672,DSQR checklist,52258,קציר עמוס,,17,01/02/2015,01/07/2017,Active,,,
7170,MTU Aero Engines AG,FRM674,Request for shipments of „Partial Release“ material,52258,קציר עמוס,,,01/02/2015,01/02/2015,Active,,,
7170,MTU Aero Engines AG,FTD,File Transfer Direct User manual,103168,סקוורר מרסלו,,0.1,14/03/2012,14/03/2012,Active,,,
7170,MTU Aero Engines AG,MTC 111,Cleaning solution,111534,רוזנשטיין צ'רלס,,18,01/11/2004,01/08/2018,Active,,,
7170,MTU Aero Engines AG,MTC 149,Cleaning solution,112425,תמיר מוטי,,,01/05/2009,01/05/2009,Active,,,
7170,MTU Aero Engines AG,MTC 173,Electrolytic cleaning solution,111534,רוזנשטיין צ'רלס,,17,01/09/2011,01/02/2017,Active,,,
7170,MTU Aero Engines AG,MTC 175,ELECTROLYTIC CLEANING SOLUTION,108449,לנדאו אשר,,,06/09/2009,01/11/2009,Active,,,
7170,MTU Aero Engines AG,MTC 217,Nitric acid/hydrofluoric acid solution,111534,רוזנשטיין צ'רלס,,16,10/08/2016,10/08/2016,Active,,,
7170,MTU Aero Engines AG,MTC 235,NITRIC ACID/HYDROFLUORIC ACID SOLUTION,111534,רוזנשטיין צ'רלס,,16,01/08/1991,01/07/2016,Active,,,
7170,MTU Aero Engines AG,MTC 260,EISEN [\\\] - CHLORID/SALZSAURE - LOSUNG,,,,,01/03/1996,01/03/1996,Active,,,
7170,MTU Aero Engines AG,MTC 281,Sulphuric acid solution,112052,גור מיטל,,14,01/03/1983,01/11/2014,Active,,,
7170,MTU Aero Engines AG,MTC 284,Sulphuric acid solution,111534,רוזנשטיין צ'רלס,,19,01/12/2016,01/10/2019,Active,,,
7170,MTU Aero Engines AG,MTC 311,NICKEL STRIKE ELECTROLYTE,111534,רוזנשטיין צ'רלס,,17,01/01/1994,01/02/2017,Active,,,
7170,MTU Aero Engines AG,MTC 351,Silver strike electrolyte,111534,רוזנשטיין צ'רלס,,,01/02/2012,01/03/2014,Active,,,
7170,MTU Aero Engines AG,MTC 353,Silver plating electrolyte,111534,רוזנשטיין צ'רלס,12,18,01/05/2012,01/02/2018,Active,,,
7170,MTU Aero Engines AG,MTC 475,Sulphuric acid/phosphoric acid electrolyte,111534,רוזנשטיין צ'רלס,,17,01/04/2012,01/12/2017,Active,,,
7170,MTU Aero Engines AG,MTC 610,Nitric acid solution,,,,16,01/02/1995,01/11/2016,Active,,,
7170,MTU Aero Engines AG,MTC 611,Nitric acid solution,,,,18,01/02/1995,01/02/2018,Active,,,
7170,MTU Aero Engines AG,MTC 718,Cleaning solution,111534,רוזנשטיין צ'רלס,,18,01/07/2018,01/07/2018,Active,,,
7170,MTU Aero Engines AG,MTC 876,Cleaning solution,108449,לנדאו אשר,,,01/01/2004,01/01/2004,Active,,,
7170,MTU Aero Engines AG,MTC 884,Preservative solution,112052,גור מיטל,,4,01/02/2004,01/02/2004,Active,,,
7170,MTU Aero Engines AG,MTC 890,Preservative solution,112052,גור מיטל,,16,01/10/2016,01/10/2016,Active,,,
7170,MTU Aero Engines AG,MTC-260,EISEN - CHLORID/SALZSAUR-LOSUNG,,,,,01/03/1996,01/03/1996,Active,,,
7170,MTU Aero Engines AG,MTC-261,EISEN-CHLORID/SALZAURE-LOSUNG,,,,,01/03/1983,01/03/1983,Active,,,
7170,MTU Aero Engines AG,MTC-263,"Iron(III) chloride /
hydrochloric acid solution",111534,רוזנשטיין צ'רלס,,,01/06/2003,01/04/2014,Active,,,
7170,MTU Aero Engines AG,MTC5,Electrolytic marking solution,112052,גור מיטל,12,18,01/02/1985,01/02/2018,Active,,,
7170,MTU Aero Engines AG,MTH 108,Hydrochlorid acid Chemical grade,108449,לנדאו אשר,,19,01/12/2007,01/05/2019,Active,,,
7170,MTU Aero Engines AG,MTH 109,Nitric acid - technical grade,112052,גור מיטל,,17,01/12/2004,01/06/2017,Active,,,
7170,MTU Aero Engines AG,MTH 110,Nitric acid -technical grade,112052,גור מיטל,,17,01/02/2001,01/05/2017,Active,,,
7170,MTU Aero Engines AG,MTH 125,Phosphoric acid,111534,רוזנשטיין צ'רלס,,,01/10/2018,01/10/2018,Active,,,
7170,MTU Aero Engines AG,MTH 133,ETHANOL DENATURED WITH MEK,111534,רוזנשטיין צ'רלס,,16,01/07/2003,01/06/2016,Active,,,
7170,MTU Aero Engines AG,MTH 148,"Sodium hydroxide
Technisch
Technical grade",111534,רוזנשטיין צ'רלס,,17,01/10/2003,01/10/2017,Active,,,
7170,MTU Aero Engines AG,MTH 153,HYDROFLUORIC ACID,111534,רוזנשטיין צ'רלס,,19,01/05/1996,01/11/2019,Active,,,
7170,MTU Aero Engines AG,MTH 154,Hydrofluoric acid,111534,רוזנשטיין צ'רלס,,16,01/11/1995,01/12/2016,Active,,,
7170,MTU Aero Engines AG,MTH 165,Sulphuric Acid,,,,19,01/11/1999,01/10/2019,Active,,,
7170,MTU Aero Engines AG,MTH 168,Hydrochloric acid,111534,רוזנשטיין צ'רלס,,17,01/03/2017,01/08/1985,Active,,,
7170,MTU Aero Engines AG,MTH 169,ACETON,111534,רוזנשטיין צ'רלס,,20,01/09/1994,01/01/2020,Active,,,
7170,MTU Aero Engines AG,MTH 181,Iron(III) chloride,111534,רוזנשטיין צ'רלס,,19,05/08/2001,01/03/2019,Active,,,
7170,MTU Aero Engines AG,MTH 190,Iron (III)-chloride Technical grade,,,,C,01/01/2004,01/01/2004,Active,,,
7170,MTU Aero Engines AG,MTH 225,Cleaner BONDERITE C-AD ARR AERO,112052,גור מיטל,,17,01/05/2017,01/05/2017,Active,,,
7170,MTU Aero Engines AG,MTH 226,Cleaner solvopol K,,,,,01/05/2003,01/05/2003,Active,,,
7170,MTU Aero Engines AG,MTH 239,Peening media for controlled shot peening,116301,רוד דן,,6,01/09/2004,01/12/2006,Active,,,
7170,MTU Aero Engines AG,MTH 244,"Peening Media for
Controlled Shot Peening
Glass Beads",110932,שר יעקב,,20,01/12/2006,01/01/2020,Active,,,
7170,MTU Aero Engines AG,MTH 245,"Peening Media for
Controlled Shot Peening
Glass Beads",110932,שר יעקב,,20,01/12/2006,01/01/2020,Active,,,
7170,MTU Aero Engines AG,MTH 246,"Synthetic Blasting Media;
Aluminium oxide",110932,שר יעקב,,19,01/01/2008,01/12/2019,Active,,,
7170,MTU Aero Engines AG,MTH 249,Synthetic blasting material,106815,וולפמן בוריס,,14,01/03/2011,01/05/2014,Active,,,
7170,MTU Aero Engines AG,MTH 250,"Synthetic Blasting Media
Aluminium oxide F 150",113522,נפמן אוראל,,14,01/09/2010,01/08/2014,Active,,,
7170,MTU Aero Engines AG,MTH 252,"Synthetic Blasting Material
Synthetic Blasting Material
Aluminium oxide",113522,נפמן אוראל,,18,01/01/2009,01/04/2018,Active,,,
7170,MTU Aero Engines AG,MTH 311,Nitrogen 5.0,111534,רוזנשטיין צ'רלס,,,01/04/2005,01/02/2016,Active,,,
7170,MTU Aero Engines AG,MTH 313,Hydrogen 5.0,111534,רוזנשטיין צ'רלס,,,01/04/2005,01/02/2016,Active,,,
7170,MTU Aero Engines AG,MTH 332,PRUFLOSUNG,,,,,01/11/1986,01/11/1986,Active,,,
7170,MTU Aero Engines AG,MTH 333,Hilfsstoffnorm / Auxiliary Materials Specification,112052,גור מיטל,,17,01/07/2017,01/07/2017,Active,,,
7170,MTU Aero Engines AG,MTH 346,SYNTHETISCHE STRAHLMITTEL,111534,רוזנשטיין צ'רלס,,19,10/08/2000,01/12/2019,Active,,,
7170,MTU Aero Engines AG,MTH 369,Synthetic blasting material,,,,14,01/03/2011,01/05/2014,Active,,,
7170,MTU Aero Engines AG,MTH 443,Cleaner TROWAL W32,,,,,01/09/2000,01/09/2000,Active,,,
7170,MTU Aero Engines AG,MTH 451,q,111534,רוזנשטיין צ'רלס,,20,01/08/2000,01/01/2020,Active,,,
7170,MTU Aero Engines AG,MTH 452,ARGON,111534,רוזנשטיין צ'רלס,,19,01/01/2001,01/04/2019,Active,,,
7170,MTU Aero Engines AG,MTH 499,"Dry powder developer
For fluorescent penetrants
ZYGLO ZP4B",108449,לנדאו אשר,,19,01/11/2003,01/11/2003,Active,,,
7170,MTU Aero Engines AG,MTH 511,Peening media for controlled shot peening,110932,שר יעקב,,19,01/03/2005,01/11/2019,Active,,,
7170,MTU Aero Engines AG,MTH 548,"Wetting agent
(Actane AAA)",111534,רוזנשטיין צ'רלס,,,01/12/2015,01/12/2015,Active,,,
7170,MTU Aero Engines AG,MTH 569,Synthetic blasting material,116301,רוד דן,,,01/02/2001,01/06/2013,Active,,,
7170,MTU Aero Engines AG,MTH 611,"Cleaner
TURCO ARR 4181",112052,גור מיטל,,17,01/04/2017,01/04/2017,Active,,,
7170,MTU Aero Engines AG,MTH 665,Abrasive flow machining compound,88500,לפיד אלדד,,,01/04/2012,01/04/2012,Active,,,
7170,MTU Aero Engines AG,MTH 697,Peening media for controlled shot peening,116301,רוד דן,,18,01/12/2006,01/04/2018,Active,,,
7170,MTU Aero Engines AG,MTH 697 BBL1,"Peening Media for Controlled
Shot Peening
Conditioned Cut Wire Steel
Particle shape
Reference photographs",116301,רוד דן,,,01/03/2013,01/03/2013,Active,,,
7170,MTU Aero Engines AG,MTH 877,Synthetic blasting material,106815,וולפמן בוריס,,14,01/03/2011,01/05/2014,Active,,,
7170,MTU Aero Engines AG,MTH 897,Adhesive film FM 1000 ADHESIVE FILM,111534,רוזנשטיין צ'רלס,,,01/03/2009,01/03/2012,Active,,,
7170,MTU Aero Engines AG,MTH 919,"IRON(III) CHLORIDE/HYDROCHLORIC ACID SOLUTION	",111534,רוזנשטיין צ'רלס,,,01/11/2002,01/11/2013,Active,,,
7170,MTU Aero Engines AG,MTH 995,"Blasting Material for Ultrasonic Shot
Peening
Tungsten Carbide
(Nominal particle size 1,2 mm)",116301,רוד דן,,,01/10/2010,01/05/2006,Active,,,
7170,MTU Aero Engines AG,MTH 996,"Blasting Material for Ultrasonic Shot
Peening
Steel Balls
(Nominal particle size 1,5 mm)",116301,רוד דן,,,01/10/2010,01/10/2010,Active,,,
7170,MTU Aero Engines AG,MTI 1441,SCHLEIFKORPER TROWALIT FSG 10X20,,,,,01/02/1983,01/02/1983,Active,,,
7170,MTU Aero Engines AG,MTL 101,Nickel and cobalt alloy blades and vanes,105155,הרוש ציון,,16,01/02/2007,01/11/2016,Active,,,
7170,MTU Aero Engines AG,MTL 113,PEENING AND BLASTING MATERIALS,116301,רוד דן,,,01/12/2004,01/12/2004,Active,,,
7170,MTU Aero Engines AG,MTL 116,Powdered spraying materials,,,,,01/04/2008,01/04/2008,Active,,,
7170,MTU Aero Engines AG,MTL 119,HONEYCOMB MATERIAL,88500,לפיד אלדד,,,01/07/2005,01/10/2013,Active,,,
7170,MTU Aero Engines AG,MTL 119 BBL1,Honeycomb material for abradable seals,88500,לפיד אלדד,,,01/10/2013,01/10/2013,Active,,,
7170,MTU Aero Engines AG,MTL 120,Forgings in high-temperature steels,,,,-,01/02/1982,01/04/2005,Active,,,
7170,MTU Aero Engines AG,MTL 120-1,Disks and rotating rings in steel and high tempeture alloys,88500,לפיד אלדד,,9,01/06/2003,01/09/2017,Active,,,
7170,MTU Aero Engines AG,MTL 120-2,Disks and rotating rings In steel and high-temperature alloys,106815,וולפמן בוריס,,-,01/06/2003,01/05/2016,Active,,,
7170,MTU Aero Engines AG,MTL 120-3,Discs and rotating rings in steel and nickel alloys,106815,וולפמן בוריס,,13,01/06/2003,01/06/2013,Active,,,
7170,MTU Aero Engines AG,MTL 128-1,"Single crystal solidified blades/vanes
and castings
in nickel alloys",115592,שימרון אלדר,14,1,01/07/1992,01/02/2017,Active,,,
7170,MTU Aero Engines AG,MTL 128-2,"Single crystal solidified blades/vanes
and castings
in nickel alloys
 Stock material",115592,שימרון אלדר,14,1,01/07/1992,01/02/2017,Active,,,
7170,MTU Aero Engines AG,MTL 128-3,"Single crystal solidified
blades/vanes and castings",115592,שימרון אלדר,14,1,01/07/1992,01/06/2017,Active,,,
7170,MTU Aero Engines AG,MTL 144-1,"Disks, rotating rings and
compressor wheels
in titanium alloys",88500,לפיד אלדד,,,01/06/2013,01/06/2013,Active,,,
7170,MTU Aero Engines AG,MTL 156,PRECISION CASTINGS IN STEEL,112797,יונגמן יותם,14,6,01/07/2006,01/07/2006,Active,,,
7170,MTU Aero Engines AG,MTL 156-1,"PRECISION CASTINGS IN Fe,Ni,Co  Definitions and general requirements",,,,17,01/07/2006,01/05/2017,Active,,,
7170,MTU Aero Engines AG,MTL 156-2,"PRECISION CASTINGS IN Fe,Ni,Co Stock material 07/2006",,,,17,01/07/2006,01/05/2017,Active,,,
7170,MTU Aero Engines AG,MTL 156-3,"PRECISION CASTINGS IN Fe,Ni,Co Castings",,,,18,01/07/2006,01/02/2018,Active,,,
7170,MTU Aero Engines AG,MTL 161-1,Forgings and rolled rings in steel and high-temperature alloys,106815,וולפמן בוריס,,,01/10/2002,01/10/2015,Active,,,
7170,MTU Aero Engines AG,MTL 161-3,Forgings and rolled rings in steel and high-temperature alloys,106815,וולפמן בוריס,,,01/02/2005,01/04/2013,Active,,,
7170,MTU Aero Engines AG,MTN 115,Almen Test Strip Holder,116301,רוד דן,,,01/01/2009,01/01/2009,Active,,,
7170,MTU Aero Engines AG,MTN 1218,Test block for checking inspection tooling Eddy-current inspection,107292,ויימן איגור,,,01/05/2003,01/10/2009,Active,,,
7170,MTU Aero Engines AG,MTN 122,Almen Strip N,116301,רוד דן,,,01/01/2009,01/06/2010,Active,,,
7170,MTU Aero Engines AG,MTN 123,Almen Strip A,116301,רוד דן,,,01/01/2009,01/01/2009,Active,,,
7170,MTU Aero Engines AG,MTN 124,Almen Strip C,116301,רוד דן,,,01/01/2009,01/01/2009,Active,,,
7170,MTU Aero Engines AG,MTN 160,"UNJF threads
Selection, dimensions and tolerances",88500,לפיד אלדד,,,01/05/2003,01/05/2003,Active,,,
7170,MTU Aero Engines AG,MTN 70,Tensile test specimens,106815,וולפמן בוריס,,,01/01/2008,01/06/2009,Active,,,
7170,MTU Aero Engines AG,MTN 71,Hot tensile test specimen,106815,וולפמן בוריס,,,01/12/2004,01/06/2010,Active,,,
7170,MTU Aero Engines AG,MTN 75,Stress-rupture test specimens,106815,וולפמן בוריס,,,01/11/1987,01/11/1987,Active,,,
7170,MTU Aero Engines AG,MTN 94111,Quality management Vendor requirements,116145,דפרין חיים,22,17,01/10/2005,01/09/2017,Active,,,
7170,MTU Aero Engines AG,MTN 94111 B-1,Vendor quality assurance requirements /Inspection requirements,52258,קציר עמוס,,,01/04/2009,01/07/2014,Active,,,
7170,MTU Aero Engines AG,MTN 94111 B-10,VENDOR QUALITY ASSURANCE,52258,קציר עמוס,,18,01/12/2004,01/12/2018,Active,,,
7170,MTU Aero Engines AG,MTN 94111 B-11,"Definition of the DSQR process and the
supplier self release of MTU products at
the supplier’s",52258,קציר עמוס,,,01/11/2007,01/02/2016,Active,,,
7170,MTU Aero Engines AG,MTN 94111 B-15,"Quality assurance requirements for
vendors
Standard texts",116145,דפרין חיים,,18,01/05/2012,01/04/2018,Active,,,
7170,MTU Aero Engines AG,MTN 94111 B-16,"Approval of thermal spray processes
at suppliers",115402,טרננקו ויטלי,,15,01/10/2012,01/12/2015,Active,,,
7170,MTU Aero Engines AG,MTN 94111 B-17,General packaging directive,88500,לפיד אלדד,,19,01/11/2013,01/06/2019,Active,,,
7170,MTU Aero Engines AG,MTN 94111 B-3,VENDOR QUALITY ASSURANCE REQUIREMENTS,307,דיין משה,,,01/04/1991,01/03/2008,Active,,,
7170,MTU Aero Engines AG,MTN 94111 B-4,PROCUREMENT OF SEMI-FINISHED PRODUCTS,110510,ריהן דניאל,,19,01/07/2005,01/05/2019,Active,,,
7170,MTU Aero Engines AG,MTN 94111 B-5,STARAIGHTENING OF PRECISION -  CAST TURBINE BLADES/VANES,,,,,01/04/1993,01/04/1993,Active,,,
7170,MTU Aero Engines AG,MTN 94111 B-7,PROZESSFAHIGKEIT SPC BEI AUTRAGNHMERN,,,,,01/03/2000,01/03/2000,Active,,,
7170,MTU Aero Engines AG,MTN 94111 B-8,"Surveillance of production system
control software",,,,,01/03/2000,01/02/2005,Active,,,
7170,MTU Aero Engines AG,MTN 94111 B-9,"Control of inspection equipment and
measuring-machine software",,,,,01/03/2000,01/02/2005,Active,,,
7170,MTU Aero Engines AG,MTN 94111 BBL 19,Production Parts Approval Process PPAP,88500,לפיד אלדד,,18,01/05/2015,01/11/2018,Active,,,
7170,MTU Aero Engines AG,MTN 94111 BBL2,Vendor quality assurance requirements,,,,-,01/10/1991,01/09/2008,Active,,,
7170,MTU Aero Engines AG,MTN 94111 BBL6,Vendor requirements Instruction for forgings,105114,שוורץ רפאל,,-,01/05/2004,01/10/2015,Active,,,
7170,MTU Aero Engines AG,MTN 94111B-14,Process Specifications for suppliers,115170,ששר עדן,,,01/08/2008,01/02/2010,Active,,,
7170,MTU Aero Engines AG,MTN1208,Parts classification,,,,C,01/11/2005,01/11/2005,Active,,,
7170,MTU Aero Engines AG,MTN41-1,Abradable linings for labyrinth seals Honeycombs,88500,לפיד אלדד,,,01/10/2013,01/10/2013,Active,,,
7170,MTU Aero Engines AG,MTN94111Beiblatt 18,"Inspection and documentation requirements
for prime source suppliers",116145,דפרין חיים,,18,01/04/2014,01/03/2018,Active,,,
7170,MTU Aero Engines AG,MTP 100,ELECTROPLATED OR ELECTROLESS DEPOSITED COATINGS,111534,רוזנשטיין צ'רלס,,,01/05/1991,01/02/2019,Active,,,
7170,MTU Aero Engines AG,MTP 101,ULTRASONIC INSPECTION ACCEPTANE LIMITS,108787,חן שבתאי,,,01/07/1995,01/07/1995,Active,,,
7170,MTU Aero Engines AG,MTP 10459,"PW2037,TRAGER,DICHTRING,NDT,ST.3:NAHTLOS,VORGEDREHT",,,,,01/01/1994,01/01/1994,Active,,,
7170,MTU Aero Engines AG,MTP 10646,"Project V2500,Blade 3 stg",,,,C,01/04/1990,01/04/1990,Active,,,
7170,MTU Aero Engines AG,MTP 10647-1,"PROJEKT V2500: LAUFCHAUFEL, TRB, ST 4 BIS 6: FEINGUSS",,,,,01/08/1991,01/08/1991,Active,,,
7170,MTU Aero Engines AG,MTP 10703,"Dffuser segment, inner",105155,הרוש ציון,,,01/10/2002,01/10/2002,Active,,,
7170,MTU Aero Engines AG,MTP 109,Visual and penetrant inspection of LPT rotor blades,,,,,01/02/1996,01/05/2008,Active,,,
7170,MTU Aero Engines AG,MTP 11,Assessment of etched components  in nickel alloys,,,,5,01/06/2005,01/06/2005,Active,,,
7170,MTU Aero Engines AG,MTP 11-2,INSPECTION OF COMPONENTS OF NICKEL ALLOYS OF NICKEL ALLOYS,,,,,01/03/1981,01/03/1981,Active,,,
7170,MTU Aero Engines AG,MTP 112,"Acceptance limits for blade/vane radii;
Leading and trailing edges",105155,הרוש ציון,,18,01/12/2011,01/09/2018,Active,,,
7170,MTU Aero Engines AG,MTP 11222,DIFFUSER SEGMENT OUTER,105155,הרוש ציון,,B,01/03/1998,01/03/1998,Active,,,
7170,MTU Aero Engines AG,MTP 11231,"Project V2500,Blade 4 stg",,,,18,01/05/2005,01/04/2018,Active,,,
7170,MTU Aero Engines AG,MTP 11238,"Project V2500,Blade 6 stg",,,,C,01/01/1993,01/01/1993,Active,,,
7170,MTU Aero Engines AG,MTP 11275,"Project PW305 / PW307
Rotor disc, TRB, stg 3
Closed-die forging, premachined",106815,וולפמן בוריס,,,01/01/2012,01/10/2012,Active,,,
7170,MTU Aero Engines AG,MTP 11276,"Project PW305 / PW 307
Rotor disc, TRB, stg 4
Closed-die forging, premachined",106815,וולפמן בוריס,,,01/01/2012,01/11/2014,Active,,,
7170,MTU Aero Engines AG,MTP 11309,"Project V2500,Blade LPT 3stg",105155,הרוש ציון,,18,01/05/2005,01/04/2018,Active,,,
7170,MTU Aero Engines AG,MTP 115-07,ACCEPTANCE LIMITS OF THERMAL SPRAYED COATINGS,113522,נפמן אוראל,,,01/11/2003,01/10/2018,Active,,,
7170,MTU Aero Engines AG,MTP 115-1,Acceptance limits of thermal sprayed coatings,113522,נפמן אוראל,,17,01/11/2006,01/01/2017,Active,,,
7170,MTU Aero Engines AG,MTP 115-1059,Part specific acceptance limits for thermal sprayed coatings on knife edge seals,113522,נפמן אוראל,,18,01/03/2015,01/08/2018,Active,,,
7170,MTU Aero Engines AG,MTP 115-1061,PART SPECIFIC ACCEPTANCE LIMITS FOR THERMAL SPRAYED,115402,טרננקו ויטלי,,20,01/11/2003,01/02/2020,Active,,,
7170,MTU Aero Engines AG,MTP 115-114,"Acceptance limits of thermal sprayed
coatings",115402,טרננקו ויטלי,,,01/05/2007,01/05/2007,Active,,,
7170,MTU Aero Engines AG,MTP 115-12,Acceptance limits of thermal sprayed coatings,,,,,01/06/2007,01/06/2007,Active,,,
7170,MTU Aero Engines AG,MTP 115-129,"Acceptance limits of thermal sprayed
coatings",106815,וולפמן בוריס,,16,01/07/2005,01/07/2016,Active,,,
7170,MTU Aero Engines AG,MTP 115-145,"Acceptance limits of thermal
sprayed coating MTS 1061E",113522,נפמן אוראל,12,16,01/12/2009,01/06/2016,Active,,,
7170,MTU Aero Engines AG,MTP 115-64,Acceptance limits of thermal sprayed coating MTS1309D,113522,נפמן אוראל,12,16,01/08/2010,01/06/2016,Active,,,
7170,MTU Aero Engines AG,MTP 115-7,"Acceptance limits of thermal Acceptance limits of thermal spray
coating MTS1061C",106815,וולפמן בוריס,,18,01/12/2011,01/12/2011,Active,,,
7170,MTU Aero Engines AG,MTP 11514,"Project PW530 BLADE, TRB, Stg. 3 Precision Casting",105155,הרוש ציון,14,,01/12/2008,30/04/2020,Active,,,
7170,MTU Aero Engines AG,MTP 11532,"Project PW530
Rotor disc, TRB, stg 2 and 3
Closed-die forging, premachined",106815,וולפמן בוריס,,,01/10/2012,01/10/2012,Active,,,
7170,MTU Aero Engines AG,MTP 11593,"Rotor disc, TRB, stg 5",106815,וולפמן בוריס,22,4,01/10/2004,01/10/2004,Active,,,
7170,MTU Aero Engines AG,MTP 11601,"Project PW 306,Blade LPT 3stg",,,,,01/11/2005,01/11/2008,Active,,,
7170,MTU Aero Engines AG,MTP 11602,"Project PW306,Blade LPT 4 stg",,,,-,01/11/2005,01/11/2008,Active,,,
7170,MTU Aero Engines AG,MTP 11603,"Project PW306,Blade LPT 5 stg",,,,8,01/11/2005,01/11/2008,Active,,,
7170,MTU Aero Engines AG,MTP 11609,"PROJEKT PW540:LAUFSCHEIBE,TRB,ST 4:GESENKSCHMIEDESTUCK",,,,,01/07/2001,01/07/2001,Active,,,
7170,MTU Aero Engines AG,MTP 11626,"Project PW545 BLADE, LPT Stg. 2 Precision Casting",,,,9,01/01/2009,01/01/2009,Active,,,
7170,MTU Aero Engines AG,MTP 11627,"Project 545 BLADE, LPT Stg. 3 Precision Casting",112797,יונגמן יותם,,,01/01/2009,01/07/2018,Active,,,
7170,MTU Aero Engines AG,MTP 11628,"Project PW545 BLADE, LPT Stg. 4 Precision Casting",112797,יונגמן יותם,,,01/01/2009,01/07/2018,Active,,,
7170,MTU Aero Engines AG,MTP 11691,"PROJEKT PW 2037, DICHTRING, TRB, ST.3 BIS 7",,,,,01/02/2003,01/02/2003,Active,,,
7170,MTU Aero Engines AG,MTP 11785,"Project PW530,Blade LPT 2 stg",,,,-,01/11/2005,01/11/2008,Active,,,
7170,MTU Aero Engines AG,MTP 11874,"PROJECT PW6000 VANE, TRB, STG 4 PRECISION CASTING INSPECTION SPECIFICATION",,,,,01/04/2000,01/04/2000,Active,,,
7170,MTU Aero Engines AG,MTP 11938,"Project PW305,Blade LPT 3 stg",,,,18,01/08/2006,01/07/2018,Active,,,
7170,MTU Aero Engines AG,MTP 11939,"Project PW305,Blade LPT 4 stg",,,,C,01/08/2006,01/07/2018,Active,,,
7170,MTU Aero Engines AG,MTP 11940,"Project PW305,Blade LPT 5 stg",,,,18,01/09/2007,01/07/2018,Active,,,
7170,MTU Aero Engines AG,MTP 12,Visual and penetrant inspection of precision castings,,,,,01/11/2006,01/11/2006,Active,,,
7170,MTU Aero Engines AG,MTP 12005,"Project V2500,Blade LPT 6 stg",,,,5,01/05/2005,01/05/2005,Active,,,
7170,MTU Aero Engines AG,MTP 12005-1,"PROJEKT V2500: LAUFSCHAUFEL,TRB,ST6,FEINGUSS",,,,,01/09/2002,01/09/2002,Active,,,
7170,MTU Aero Engines AG,MTP 12125,"Project PW307,Blade LPT 3 stg",,,,C,01/04/2005,01/04/2005,Active,,,
7170,MTU Aero Engines AG,MTP 12125-1,"PROJECT PW 307:LAUFSCHAUFEL,TRB,ST 3:FEINGUSS",,,,,01/03/2002,01/03/2002,Active,,,
7170,MTU Aero Engines AG,MTP 12126,"PROJECT PW307, LAUFSCHAUFEL,TRB,ST.4 FEINGUSS",,,,,01/04/2005,01/04/2005,Active,,,
7170,MTU Aero Engines AG,MTP 12156,"PPROJECT PW307
DISK - TURBINE, STG5
CLOSED DIE FORGING, ROUGH TURNED",106815,וולפמן בוריס,,,01/10/2012,01/10/2012,Active,,,
7170,MTU Aero Engines AG,MTP 12196,"MANTELRINGSEKTOR ST1,ST2 UND ST3 FEINGUSS",,,,,01/07/2005,01/07/2005,Active,,,
7170,MTU Aero Engines AG,MTP 12199,KEY LOCATING PRECISION CASTING,105155,הרוש ציון,,,01/06/2003,01/06/2003,Active,,,
7170,MTU Aero Engines AG,MTP 12229,KEY-LOCATING PRECISION CASTING,105155,הרוש ציון,,,01/12/2004,01/12/2004,Active,,,
7170,MTU Aero Engines AG,MTP 12304,"KEY CROSS, LOCATING PRECISION CASTING",105155,הרוש ציון,,,01/12/2004,01/12/2004,Active,,,
7170,MTU Aero Engines AG,MTP 12346,"PROJEKT PW 4000 MANTELRINGSEKTOR,ST 3 FEINGUSS",,,,,01/07/2005,01/07/2005,Active,,,
7170,MTU Aero Engines AG,MTP 12347,RING SGMNT SHROUD TG 4,108332,קויתי אבי,,,01/07/2005,01/07/2005,Active,,,
7170,MTU Aero Engines AG,MTP 12371,"Project MTR390,Ring segment",,,,C,01/05/2006,01/05/2006,Active,,,
7170,MTU Aero Engines AG,MTP 12486,"Project PW810 BLADE, LPT Stg. 4 Precision Casting",,,,-,01/12/2008,01/12/2008,Active,,,
7170,MTU Aero Engines AG,MTP 12489,"Project PW810
VANESEGMENT, LPT Stg. 5
Precision Casting",105155,הרוש ציון,,,01/08/2008,01/08/2008,Active,,,
7170,MTU Aero Engines AG,MTP 12504,"Parts inspection specification BLADE, LPT Stg. 2 Precision Casting",105155,הרוש ציון,,,01/10/2008,01/07/2018,Active,,,
7170,MTU Aero Engines AG,MTP 12541,"Parts inspection specification BLADE, LPT Stg. 2 Precision Casting",30201,Lukic Cedomir,,17,01/03/2009,01/06/2017,Active,,,
7170,MTU Aero Engines AG,MTP 12608,"Project TP400
SHAFT, STUB, IPT
Forging, rough turned",105114,שוורץ רפאל,,,01/11/2010,01/11/2010,Active,,,
7170,MTU Aero Engines AG,MTP 12659,"Project PW814
BLADE, LPT Stg. 3
Precision Casting",112797,יונגמן יותם,,,01/07/2011,01/07/2018,Active,,,
7170,MTU Aero Engines AG,MTP 12660,"Project PW814
BLADE, LPT Stg. 4
Precision Casting",112797,יונגמן יותם,,,01/07/2011,01/07/2018,Active,,,
7170,MTU Aero Engines AG,MTP 12666,"Project PW814
VANESEGMENT, LPT Stg. 6
Precision Casting
",112797,יונגמן יותם,,,01/07/2011,01/07/2018,Active,,,
7170,MTU Aero Engines AG,MTP 12677,"Project PW1133GLPT
BLADE, LPT Stg. 2
Precision Casting",105155,הרוש ציון,,,01/02/2013,01/02/2013,Active,,,
7170,MTU Aero Engines AG,MTP 12773,"Project PW812
BLADE, LPT Stg. 3
Precision Casting",105155,הרוש ציון,,18,01/06/2016,01/07/2018,Active,,,
7170,MTU Aero Engines AG,MTP 12775,"Project PW812
BLADE, LPT Stg. 4
Precision Casting",105155,הרוש ציון,,18,01/06/2016,01/07/2018,Active,,,
7170,MTU Aero Engines AG,MTP 12776,"Project PW812
VANESEGMENT, LPT Stg. 5
Precision Casting",105155,הרוש ציון,,18,01/06/2016,01/07/2018,Active,,,
7170,MTU Aero Engines AG,MTP 12778,"Project PW812
VANESEGMENT, LPT Stg. 6
Precision Casting",105155,הרוש ציון,,18,01/06/2016,01/07/2018,Active,,,
7170,MTU Aero Engines AG,MTP 12786,"Project PW1133G LPT
BLADE, LPT Stg. 2
Precision Casting",105155,הרוש ציון,,18,01/01/2017,01/04/2018,Active,,,
7170,MTU Aero Engines AG,MTP 12794,"BLADE, LPT Stg. 3
Precision Casting",112797,יונגמן יותם,,17,01/05/2017,01/05/2017,Active,,,
7170,MTU Aero Engines AG,MTP 12799,"VANESEGMENT, LPT Stg. 5
Precision Casting",112797,יונגמן יותם,,17,01/05/2017,01/05/2017,Active,,,
7170,MTU Aero Engines AG,MTP 12800,"VANESEGMENT, LPT Stg. 6
Precision Casting",112797,יונגמן יותם,,17,01/05/2017,01/05/2017,Active,,,
7170,MTU Aero Engines AG,MTP 12801,"BLADE, LPT Stg. 2",105155,הרוש ציון,,17,01/06/2017,01/06/2017,Active,,,
7170,MTU Aero Engines AG,MTP 12806,"Project PW1100GLPT
BLADE, LPT Stg. 3
Precision Casting",105155,הרוש ציון,,18,01/02/2018,01/02/2018,Active,,,
7170,MTU Aero Engines AG,MTP 12821,"Project PW1524G
BLADE, LPT Stg. 2
Precision Casting",,,,19,01/03/2019,01/03/2019,Active,,,
7170,MTU Aero Engines AG,MTP 13-1,Aluminium diffusin coatings,,,,,01/05/2006,01/05/2006,Active,,,
7170,MTU Aero Engines AG,MTP 13-5,Low temperature high activity process,106815,וולפמן בוריס,,,01/01/2007,01/09/2014,Active,,,
7170,MTU Aero Engines AG,MTP 134,Microporosity in cast blades and vanes,,,,C,01/09/1989,01/09/1989,Active,,,
7170,MTU Aero Engines AG,MTP 136,Assessment of segregations on rotating components in high temperature nickel alloys,112052,גור מיטל,,9,01/02/2009,01/02/2009,Active,,,
7170,MTU Aero Engines AG,MTP 136-1,Segregations on rotating components in nickel alloys Acceptance limits,,,,9,01/02/2009,01/02/2009,Active,,,
7170,MTU Aero Engines AG,MTP 146,LPT diffusor segments,112102,רז שלמה,,,01/12/2008,01/12/2008,Active,,,
7170,MTU Aero Engines AG,MTP 161,"Assessment of segregations on rotating
components in titanium alloys",112052,גור מיטל,,17,01/02/2006,01/11/2017,Active,,,
7170,MTU Aero Engines AG,MTP 181,Eddy Current testing,,,,C,01/09/1995,01/09/1995,Active,,,
7170,MTU Aero Engines AG,MTP 198-1,"Fabricated EJ200 compressor stators
Acceptance limits",52258,קציר עמוס,,,01/05/2006,01/05/2014,Active,,,
7170,MTU Aero Engines AG,MTP 199,Inspection of laser cut components,52258,קציר עמוס,,18,01/10/2003,01/06/2018,Active,,,
7170,MTU Aero Engines AG,MTP 20,Acceptance limits for LPT guide vanes,,,,,01/12/2002,01/12/2002,Active,,,
7170,MTU Aero Engines AG,MTP 20-1,"Acceptance limits for
LPT blades
Precision castings",106815,וולפמן בוריס,,,01/11/1987,01/11/2009,Active,,,
7170,MTU Aero Engines AG,MTP 20-2,ACCEPLANCE LIMILTS FOR LPT VANES,106815,וולפמן בוריס,,,01/11/1987,01/11/2009,Active,,,
7170,MTU Aero Engines AG,MTP 206,Acceptance standard for machined components,,,,6,01/12/2006,01/12/2006,Active,,,
7170,MTU Aero Engines AG,MTP 206-1,Criteria and acceptance standard for machined components Basic requirements,106815,וולפמן בוריס,,17,01/12/2006,01/08/2017,Active,,,
7170,MTU Aero Engines AG,MTP 206-2,Criteria and acceptance criteria for machined components-class 1 components,106815,וולפמן בוריס,,17,01/12/2007,01/09/2017,Active,,,
7170,MTU Aero Engines AG,MTP 206-3,Criteria and acceptance standard for machined components- class 2 components,106815,וולפמן בוריס,,,01/12/2007,01/12/2011,Active,,,
7170,MTU Aero Engines AG,MTP 206-4,"Criteria and acceptance standard for machined components-CL 1,2 in cast materials",105155,הרוש ציון,,,01/12/2007,01/05/2015,Active,,,
7170,MTU Aero Engines AG,MTP 208,"Acceptance limits for fusion welds
TIG, tungsten plasma arc, electron-beam or laser-beam welded non-rotating engine
components",115402,טרננקו ויטלי,,,01/01/2000,01/12/2013,Active,,,
7170,MTU Aero Engines AG,MTP 21,Acceplance limits for LPT blades precision castings,112102,רז שלמה,,13,01/07/2006,01/09/2013,Active,,,
7170,MTU Aero Engines AG,MTP 21 BBL1,Acceptance limits for LPT blades Precision castings Reference to the grain size assessment,,,,,01/11/1987,01/08/2008,Active,,,
7170,MTU Aero Engines AG,MTP 21 BBL2,Acceptance limits for LPT blades Precision castingsReference to the grain size assessment,,,,C,01/11/1987,01/08/2008,Active,,,
7170,MTU Aero Engines AG,MTP 21 BBL3,Acceptance limits for microporosity in LPT roter blades,106815,וולפמן בוריס,,,01/11/1987,01/11/1987,Active,,,
7170,MTU Aero Engines AG,MTP 21-2,REFERENCE TO THE GRAIN SIZE ASSESSMENT,,,,,01/11/1987,01/11/1987,Active,,,
7170,MTU Aero Engines AG,MTP 22,COMPRESSOR BLADES AND VAnes,88500,לפיד אלדד,,,01/02/1981,01/02/1981,Active,,,
7170,MTU Aero Engines AG,MTP 228-1,Visual and penetrant inspection Equiaxed LPT guide vane segments Acceptance limits,107292,ויימן איגור,,,01/11/2006,01/05/2008,Active,,,
7170,MTU Aero Engines AG,MTP 228-2,"X-ray inspection Equiaxed LPT guide vane segments, six-airfoiled cluster Acceptance limits",102335,פרסט מקס,,,01/11/2002,01/09/2012,Active,,,
7170,MTU Aero Engines AG,MTP 228-3,"Microporosity Equiaxed LPT guide vane segments, six-airfoiled cluster Acceptance limits",108332,קויתי אבי,,,01/05/2003,01/11/2006,Active,,,
7170,MTU Aero Engines AG,MTP 23,Assessment of riveted joints,52258,קציר עמוס,,,01/07/1986,01/04/2008,Active,,,
7170,MTU Aero Engines AG,MTP 244-1,Visual and penetrant inspections Single-crystal and directionally solidified LPT vane segments Acceptance limits,112797,יונגמן יותם,,8,01/06/2003,01/05/2008,Active,,,
7170,MTU Aero Engines AG,MTP 244-2,Radiographic inspection Single-crystal and directionally solidified LPT vane segments Acceptance limits,102335,פרסט מקס,,13,01/06/2003,01/09/2015,Active,,,
7170,MTU Aero Engines AG,MTP 244-3,Microporosity of single-crystal solidified LPT VANE SEGMENTS Acceptance limits,106815,וולפמן בוריס,,3,01/06/2003,01/06/2003,Active,,,
7170,MTU Aero Engines AG,MTP 244-4,Macrostructure inspection of single-crystal LPT vanes Acceptance limits,106815,וולפמן בוריס,,3,01/06/2003,01/06/2003,Active,,,
7170,MTU Aero Engines AG,MTP 244-5,Macrostructure inspection Directionally solidified LPT vanes Acceptance limits,106815,וולפמן בוריס,,13,01/01/2007,01/10/2013,Active,,,
7170,MTU Aero Engines AG,MTP 245-4,"Microstructure inspection of single-crystal LPT blades
Acceptance limits",112797,יונגמן יותם,,3,01/06/2003,01/06/2003,Active,,,
7170,MTU Aero Engines AG,MTP 246-3,Microporosity Equiaxed LPT blades Acceptance limits,,,,,01/11/2006,01/11/2006,Active,,,
7170,MTU Aero Engines AG,MTP 264,ACCEPTANCE LIMITS FOR FUNCTIONAL AREAS OF HONEYCOMB,52258,קציר עמוס,,,01/01/2005,01/08/2014,Active,,,
7170,MTU Aero Engines AG,MTP 278,"Acceptance limits for inspection
and assessment of finish-machined compressor
blades and vanes",88500,לפיד אלדד,,,01/03/2013,01/03/2013,Active,,,
7170,MTU Aero Engines AG,MTP 288-1,Quality inspection- casings - Acceptance limits,,,,C,01/11/2006,01/03/2011,Active,,,
7170,MTU Aero Engines AG,MTP 288-2,Quality inspection-Turbine exhaust casings and intermediate diffusors- Acceptance limits,,,,C,01/11/2006,01/11/2006,Active,,,
7170,MTU Aero Engines AG,MTP 293,"Acceptance limits for electro-discharge
machined components",106815,וולפמן בוריס,,,01/05/2008,01/05/2015,Active,,,
7170,MTU Aero Engines AG,MTP 296,Quality Inspection Low PressureTurbines rotating at high speed -Acceptance limits,112797,יונגמן יותם,,18,01/05/2008,01/07/2018,Active,,,
7170,MTU Aero Engines AG,MTP 3,PRUFUNG VON ELEKTRONENSTRAHL - SCHWE IBVERBINDUNGEN,,,,,01/08/1993,01/08/1993,Active,,,
7170,MTU Aero Engines AG,MTP 302-2,"Compressor rotor HPC, stg. 2
Acceptance standard",52258,קציר עמוס,,,01/09/2010,01/09/2010,Active,,,
7170,MTU Aero Engines AG,MTP 34-1,ASSESSMENT OF HONEYCOMB SEALS,52258,קציר עמוס,,,01/04/1991,01/04/1991,Active,,,
7170,MTU Aero Engines AG,MTP 34-2,ASSESSMENT OF ABRADABLE SEALS WITH BRAZED  HONEYCOMB LININGS,115402,טרננקו ויטלי,,,01/04/1991,01/04/1991,Active,,,
7170,MTU Aero Engines AG,MTP 34-5,"Assessment of brazed honeycombs
Acceptance limits for metallographic
examination",115402,טרננקו ויטלי,,,01/05/2012,01/05/2012,Active,,,
7170,MTU Aero Engines AG,MTP 343,"Reference series for the assessment of
micro- and macrostructure Nickel-base alloy (Inconel 718 / DA718)",106815,וולפמן בוריס,,19,01/09/2014,01/07/2019,Active,,,
7170,MTU Aero Engines AG,MTP 345,"Metallographic examination
Examination criteria for thermal spray
coatings
Basic principles",,,,17,01/01/2017,01/01/2017,Active,,,
7170,MTU Aero Engines AG,MTP 350,"Acceptance limits for
LPT blades
Investment casting",112797,יונגמן יותם,,18,01/01/2017,01/03/2018,Active,,,
7170,MTU Aero Engines AG,MTP 353,"Acceptance limits for
LPT blades
Investment casting",112797,יונגמן יותם,,18,01/03/2018,01/11/2018,Active,,,
7170,MTU Aero Engines AG,MTP 359,"Quality inspection
Acceptance limits for
LPT blades
Investment casting
Acceptance limits",115592,שימרון אלדר,,19,01/03/2019,01/03/2019,Active,,,
7170,MTU Aero Engines AG,MTP 361,"Perpendicularity requirements on
flanges",,,,19,01/02/2019,01/02/2019,Active,,,
7170,MTU Aero Engines AG,MTP 40,PRUFUNG VON VAKUUM-HOCHTEMPERATURLOTVERBINDUGEN,,,,,01/12/1987,01/12/1987,Active,,,
7170,MTU Aero Engines AG,MTP 42,VIDERATANDS-SCHWEIBVERBINDUNGEN : ABNAHMEWERTE,,,,,01/08/1983,01/08/1983,Active,,,
7170,MTU Aero Engines AG,MTP 44,Shot-peened surfaces Acceptance limits,116301,רוד דן,,13,01/12/2001,01/03/2013,Active,,,
7170,MTU Aero Engines AG,MTP 44 BBL 1,"Assessment of shot-peened
components
Reference photographs",116301,רוד דן,,,01/03/2013,01/03/2013,Active,,,
7170,MTU Aero Engines AG,MTP 50,Acceptance limits for the assessment of thermal spray coatings,,,,,01/09/2001,01/08/2018,Active,,,
7170,MTU Aero Engines AG,MTP 50-1,ACCEPTANCE LIMITS FOR THE ASSESSMENT OF THERMAL SPRAY,,,,C,01/09/2001,01/09/2001,Active,,,
7170,MTU Aero Engines AG,MTP 50-3,Acceptance limits for the assessment of thermal spray coatings-Plasma spraying,,,,1,01/09/2001,01/09/2001,Active,,,
7170,MTU Aero Engines AG,MTP 55,Visual and penetrant inspection of LPT rotor blades,,,,,01/12/2002,01/12/2002,Active,,,
7170,MTU Aero Engines AG,MTP 55-2,SICHT-UND EINDRINGPRUFUNG AN NDT-LAUFSCHAUFELN,,,,,01/01/1994,01/01/1994,Active,,,
7170,MTU Aero Engines AG,MTP 562-1,-,,,,C,01/12/1994,01/12/1994,Active,,,
7170,MTU Aero Engines AG,MTP 57,Acceptance limits for LPT blades -Radiographic inspection,,,,,01/09/1987,01/09/1987,Active,,,
7170,MTU Aero Engines AG,MTP 58,Acceptance limits for LPT nozzle vanes Radiological inspection porosity,,,,,01/01/2008,01/01/2008,Active,,,
7170,MTU Aero Engines AG,MTP 6002,Inspection of broach tools,88500,לפיד אלדד,,19,01/11/2011,01/01/2019,Active,,,
7170,MTU Aero Engines AG,MTP 6003,Testing of tool holding system,103168,סקוורר מרסלו,12,16,01/10/2013,01/04/2016,Active,,,
7170,MTU Aero Engines AG,MTP 6003 B1,Tools for testing of tool holding systems,103168,סקוורר מרסלו,12,16,01/04/2016,01/04/2016,Active,,,
7170,MTU Aero Engines AG,MTP 6004-1,"Cutting tool wear
evaluation
Basic requirements",88500,לפיד אלדד,,,01/02/2011,01/02/2011,Active,,,
7170,MTU Aero Engines AG,MTP 6004-2,"Cutting tool wear
evaluation
Acceptance limits for MTU parts",88500,לפיד אלדד,,,01/02/2011,01/02/2011,Active,,,
7170,MTU Aero Engines AG,MTP 67,Assessment of mechanically finish machined discs crack inspected by FPM,,,,8,01/12/1983,01/07/2008,Active,,,
7170,MTU Aero Engines AG,MTP 67 BBL1,Assessment of mechanically finish machined disks-by FPI,,,,,01/12/1983,01/07/2008,Active,,,
7170,MTU Aero Engines AG,MTP 73,Acceptance limits for LPT vane segments Precision castings,112797,יונגמן יותם,,17,01/10/2007,01/05/2017,Active,,,
7170,MTU Aero Engines AG,MTP 78,Visual inspection of engine rotor components,52258,קציר עמוס,,16,01/05/2008,01/06/2016,Active,,,
7170,MTU Aero Engines AG,MTP 86-1,Inspection of electrochemically drilled holes,,,,,01/07/2005,01/02/2008,Active,,,
7170,MTU Aero Engines AG,MTP 98-1,Penetrant inspection Acceptance limits for components,108787,חן שבתאי,,,01/03/2005,01/03/2016,Active,,,
7170,MTU Aero Engines AG,MTP 98-3,Visual inspection-Acceptance limits and inspection characteristics,52258,קציר עמוס,,17,01/04/2006,01/07/2017,Active,,,
7170,MTU Aero Engines AG,MTP 98-4,"Definition of cast parts
inspection characteristics",108787,חן שבתאי,,11,01/12/2011,01/12/2011,Active,,,
7170,MTU Aero Engines AG,MTP10647,"Project V2500,Blade 5 stg",,,,C,01/12/2005,01/12/2005,Active,,,
7170,MTU Aero Engines AG,MTP10823,"Project P2500,Vane 4 stg",,,,C,01/05/1998,01/05/1998,Active,,,
7170,MTU Aero Engines AG,MTP118 T-1,Macrostructure of directionally solidified and single-crystal turbine blades,,,,92,01/06/1992,01/06/1992,Active,,,
7170,MTU Aero Engines AG,MTS 1001-2,High temperature nickel casting alloy (Inconel 100),105155,הרוש ציון,,9,01/10/2004,01/10/2009,Active,,,
7170,MTU Aero Engines AG,MTS 1002-1,HOCHWARMFESTE COBAILT - GUSSLEGIERUNG [MAR-M509],,,,,05/08/2005,05/08/2005,Active,,,
7170,MTU Aero Engines AG,MTS 10021,High-temperature cobalt casting alloy (MAR-M509),,,,C,01/05/2005,01/05/2005,Active,,,
7170,MTU Aero Engines AG,MTS 1034,"Anodes
Anodes Lead
Plates",,,,0,01/10/2000,01/10/2000,Active,,,
7170,MTU Aero Engines AG,MTS 1059,"Thermal spraying
Thermal spraying powder and spray
coatings
Aluminium Oxide, grey (94 Al2O3 – 3 TiO2)",113522,נפמן אוראל,12,17,01/06/2012,01/09/2017,Active,,,
7170,MTU Aero Engines AG,MTS 1061,Thermal spraying powder and spray coatings (94 Al2O3 / 2.5 TiO2),113522,נפמן אוראל,,13,01/12/2005,01/11/2018,Active,,,
7170,MTU Aero Engines AG,MTS 1061-1,"Aluminium oxide, grey (94 Al2O3, 2.5 TiO2)",115402,טרננקו ויטלי,,,01/02/2006,01/02/2006,Active,,,
7170,MTU Aero Engines AG,MTS 1080,"Thermal spraying
Thermal spraying powder and spray
coatings",113522,נפמן אוראל,,18,01/03/2007,01/10/2018,Active,,,
7170,MTU Aero Engines AG,MTS 1080-1,"Nickel, Aluminium (95Ni, 5Al) Particle shape, structure Reference standard",,,,,01/03/2007,01/03/2007,Active,,,
7170,MTU Aero Engines AG,MTS 1084 T1,High temperature nickel casting alloy (inconel713c) Blades and Vanes,106815,וולפמן בוריס,,19,01/09/1995,01/06/2019,Active,,,
7170,MTU Aero Engines AG,MTS 1087,VERSCHLEIBFESTE COBALTLEGIERUNG,,,,,01/05/1993,01/05/1993,Active,,,
7170,MTU Aero Engines AG,MTS 1094-1,High-temperature nickel alloy (Inconel 718)-structure req,106815,וולפמן בוריס,,18,01/10/2002,01/11/2018,Active,,,
7170,MTU Aero Engines AG,MTS 1094-2,High-temperature nickel alloy (Inconel 718)-Forgings,106815,וולפמן בוריס,,18,01/03/2000,01/04/2018,Active,,,
7170,MTU Aero Engines AG,MTS 1101-2,"High-temperature nickel alloy
(Inconel 718)
Butt-welded rings",106815,וולפמן בוריס,,,01/04/2002,01/04/2002,Active,,,
7170,MTU Aero Engines AG,MTS 1101-4,"High-temperature nickel alloy
(Inconel 718)
Rolled rings, short-time precipitation hardened",106815,וולפמן בוריס,,,01/04/2002,01/08/2013,Active,,,
7170,MTU Aero Engines AG,MTS 1103-1,HIGH -TEMPERATURE NICKEL ALLOY [WASPALOY],106815,וולפמן בוריס,22,18,01/07/2007,01/01/2018,Active,,,
7170,MTU Aero Engines AG,MTS 1103-3,HIGH -TEMPERATURE NICKEL ALLOY [WASPALOY],106815,וולפמן בוריס,,15,01/04/1994,01/07/2015,Active,,,
7170,MTU Aero Engines AG,MTS 1103-3 BBL1,HIGH TEMPERATURE NICKEL ALLOY MICRO STRUCTURE REFERENCE PHOTOGRAPHS,106815,וולפמן בוריס,,,01/04/1994,01/04/1994,Active,,,
7170,MTU Aero Engines AG,MTS 1189-1,High-temperature nickel casting alloy (Inconel 713),106815,וולפמן בוריס,,,01/09/2003,01/05/2013,Active,,,
7170,MTU Aero Engines AG,MTS 1206-1,"High-temperature nickel casting alloy (MAR-M247)
Blades / vanes, stators and investment castings",105155,הרוש ציון,,15,01/11/2004,01/11/2015,Active,,,
7170,MTU Aero Engines AG,MTS 1210,TWO - PACK ADHESIVE,,,,,01/03/1995,01/03/1995,Active,,,
7170,MTU Aero Engines AG,MTS 1234,One-pack adhesive hot-setting,111534,רוזנשטיין צ'רלס,,,01/03/2006,01/04/2012,Active,,,
7170,MTU Aero Engines AG,MTS 1323-1,High-temperature nickel casting alloy (M-247LC DS),105155,הרוש ציון,,13,01/10/2004,01/10/2004,Active,,,
7170,MTU Aero Engines AG,MTS 1348-1,HIGH TEMPERATURE NICKEL CASTING ALLOY INCO 939,106815,וולפמן בוריס,,,01/09/1996,01/09/1996,Active,,,
7170,MTU Aero Engines AG,MTS 1357-3,"Brazing alloy Nickel-base alloy (11 P - 0,1 C) bazing tape",115402,טרננקו ויטלי,,,01/02/2012,01/02/2012,Active,,,
7170,MTU Aero Engines AG,MTS 1371-2,"High-temperature nickel alloy (Ren? 41)
Butt-welded rings",106815,וולפמן בוריס,,,01/03/2004,01/03/2004,Active,,,
7170,MTU Aero Engines AG,MTS 1371-3,"High-temperature nickel alloy (Ren? 41)	
Forgings and rolled rings",106815,וולפמן בוריס,,,01/06/2003,01/03/2015,Active,,,
7170,MTU Aero Engines AG,MTS 1417-1,VERTRAULICH/MTU - CONFIDENTIAL,,,,,01/05/2006,01/05/2006,Active,,,
7170,MTU Aero Engines AG,MTS 1424-1,HIGH TEMPERATURE NICKEL ALLOY (INCO 718),106815,וולפמן בוריס,,,01/09/2004,01/09/2004,Active,,,
7170,MTU Aero Engines AG,MTS 1441-1,"High-temperature nickel alloy (Inconel 718)
Discs and rotating rings with stricter LCF-requirements
Triple melt",106815,וולפמן בוריס,,18,01/02/2016,01/11/2018,Active,,,
7170,MTU Aero Engines AG,MTS 1464-1,"High temperature nickel alloy (DA718)
Discs and rotating parts
Direct aged",106815,וולפמן בוריס,,19,01/05/2011,01/08/2019,Active,,,
7170,MTU Aero Engines AG,MTS 1552-1,"Titan wrought alloy (Ti6Al-2Sn-4Zr-6Mo)
Compressor disks, rotating rings and BLISKs/IBRs with increased strength requirements",106815,וולפמן בוריס,,16,01/11/2014,01/11/2016,Active,,,
7170,MTU Aero Engines AG,MTS 1559-1,"High temperature Nickel casting alloy
(Alloy 454)",105155,הרוש ציון,,10,01/04/2007,01/01/2010,Active,,,
7170,MTU Aero Engines AG,MTS1309,"Thermal spraying powder and spray
coatings",113522,נפמן אוראל,12,18,01/03/2003,01/05/2018,Active,,,
7170,MTU Aero Engines AG,MTT 73-5,QUALITATSMANAGEMENT ZULIEFERUNGEN,,,,,01/06/2004,01/06/2004,Active,,,
7170,MTU Aero Engines AG,MTU 261,EISEM [\\\] - CHLORID/SAZAURE - LOSUNG,,,,,01/03/1983,01/03/1983,Active,,,
7170,MTU Aero Engines AG,MTV 1,Interpretation of drawings,88500,לפיד אלדד,12,19,01/10/2006,01/06/2019,Active,,,
7170,MTU Aero Engines AG,MTV 100,DRUCKFLIEBLAPPEN:ALLGEMEINE ARBEITSGRUNDLAGEN,,,,,01/07/1990,01/07/1990,Active,,,
7170,MTU Aero Engines AG,MTV 1003,Inspection of aluminium and platinumaluminium diffusion coatings,,,,C,01/11/2006,01/11/2006,Active,,,
7170,MTU Aero Engines AG,MTV 1008,DRUCKPRUFUNG VON GEHAUSEN AND ROHRLEITUNGENFUR,,,,,01/02/1990,01/02/1990,Active,,,
7170,MTU Aero Engines AG,MTV 1009,DRUCKPRUFUNG VON GEHAUSEN AND ROHRLEITUNGEN FUR TRIEBWERKE,,,,,01/07/1994,01/07/1994,Active,,,
7170,MTU Aero Engines AG,MTV 1010,Inspection of compressor blading,52258,קציר עמוס,,17,01/07/2001,01/03/2017,Active,,,
7170,MTU Aero Engines AG,MTV 1012,PRUFUNG VON DRUCKFLIEBGELAPPTEN BAUTEILEN,,,,,01/02/1986,01/02/1986,Active,,,
7170,MTU Aero Engines AG,MTV 1015,Eddy current inspection using probe,107292,ויימן איגור,,,01/05/1998,01/04/2012,Active,,,
7170,MTU Aero Engines AG,MTV 1015-1,Eddy current inspection,107292,ויימן איגור,,,01/04/2012,01/04/2012,Active,,,
7170,MTU Aero Engines AG,MTV 1015-1016,"ZEP-ET30NO123Y10-M , ZFP - ANWEISUNG - ET",,,,,25/03/2003,25/03/2003,Active,,,
7170,MTU Aero Engines AG,MTV 1015-2,"Automated eddy current inspection of
rotating engine components",107292,ויימן איגור,,19,01/04/2012,01/07/2019,Active,,,
7170,MTU Aero Engines AG,MTV 1015-3,"Eddy current inspection
 Manual inspection",107292,ויימן איגור,,,01/04/2012,01/04/2012,Active,,,
7170,MTU Aero Engines AG,MTV 1015-4,"Eddy-current inspection using
rotary probes",107292,ויימן איגור,,17,01/05/2017,01/01/2011,Active,,,
7170,MTU Aero Engines AG,MTV 1016,EDDY-CURRENT TESTING WITH ROTARY PROBES,107292,ויימן איגור,,,01/12/1996,01/02/2011,Active,,,
7170,MTU Aero Engines AG,MTV 1018,PRUFEN VON ROHTEILEN UND BAUTEILEN AUS NICKELLEGIERUNGEN,,,,,01/04/1988,01/04/1988,Active,,,
7170,MTU Aero Engines AG,MTV 1027,"  -   מבוטלVisual inspection
הוא הוחלף על ידי MTV 1027-1.",52258,קציר עמוס,,14,01/10/2006,01/05/2014,Active,,,
7170,MTU Aero Engines AG,MTV 1027-1,Visual inspection,52258,קציר עמוס,,14,01/05/2014,01/12/2014,Active,,,
7170,MTU Aero Engines AG,MTV 1030-1,Fluorescent penetrant inspection-General working principles,108787,חן שבתאי,,18,01/10/2007,01/01/2018,Active,,,
7170,MTU Aero Engines AG,MTV 1030-2,Fluorescent penetrant inspection Water-washable systems,108787,חן שבתאי,,,01/06/2006,01/02/2014,Active,,,
7170,MTU Aero Engines AG,MTV 1030-3,Fluorescent penetrant inspection-Post-emulsified systems,108787,חן שבתאי,,14,01/11/2005,01/02/2014,Active,,,
7170,MTU Aero Engines AG,MTV 1030-4,Fluorescent penetrant inspection-Solvent-removable systems,108787,חן שבתאי,,18,01/05/2017,01/03/2018,Active,,,
7170,MTU Aero Engines AG,MTV 1030-5,"Approval requirements
Cleaning processes prior to fluorescent
penetrant inspection",112052,גור מיטל,12,19,01/12/2018,01/07/2019,Active,,,
7170,MTU Aero Engines AG,MTV 1032 T2,Radiological inspection og engine component,,,,C,01/11/1984,01/11/1984,Active,,,
7170,MTU Aero Engines AG,MTV 1032-0,RONTGENPRUFUNG AN TRIEBWERKBAUTEILEN,,,,,01/09/1989,01/09/1989,Active,,,
7170,MTU Aero Engines AG,MTV 1032-1,Radiological inspection-Film-based imaging,102335,פרסט מקס,,15,01/10/2003,01/07/2015,Active,,,
7170,MTU Aero Engines AG,MTV 1032-3,"Radiographic inspection of engine components
Digital radiography",102335,פרסט מקס,,18,01/11/2011,01/05/2019,Active,,,
7170,MTU Aero Engines AG,MTV 1033-1,"Ultrasonic inspection of axisymmetric components by the immersion technique
General working principles",108787,חן שבתאי,12,19,01/12/2011,01/06/2019,Active,,,
7170,MTU Aero Engines AG,MTV 1033-2,ULTRASONIC INSPEC. AXISYM. COMPONENETS BY THE IMMERSION TECH.,108787,חן שבתאי,,18,01/05/1995,01/02/2018,Active,,,
7170,MTU Aero Engines AG,MTV 1033-2 BBL1,ULTRASONIC INSPECTION INSTRUMENTS AND EQUIPMENT,108787,חן שבתאי,,,01/05/1995,01/05/1995,Active,,,
7170,MTU Aero Engines AG,MTV 1033-3,REFERENCE BLOCKS WITH SIDE DRILLED HOLES,108787,חן שבתאי,,18,01/05/1995,01/02/2018,Active,,,
7170,MTU Aero Engines AG,MTV 1033-3 BBL1,ULTRASONIC INSPECTION INSTRUMENTS AND EQUIPMENT,108787,חן שבתאי,,,01/05/1995,01/05/1995,Active,,,
7170,MTU Aero Engines AG,MTV 1033-4,Reference blocks with surface notches,108787,חן שבתאי,,,01/05/1995,01/05/1995,Active,,,
7170,MTU Aero Engines AG,MTV 1037-0,AUSBILDUNG UND EIGNUNGSPRUFUNG VON PRUFPERSONAL,,,,,01/05/1984,01/05/1984,Active,,,
7170,MTU Aero Engines AG,MTV 1037-1,Training and qualification of non-destructine inspection personnel,107292,ויימן איגור,,,01/04/2002,01/06/2012,Active,,,
7170,MTU Aero Engines AG,MTV 1037-2,Training and qualification of inspection personnel for etch inspection,112052,גור מיטל,,19,01/02/2009,01/06/2019,Active,,,
7170,MTU Aero Engines AG,MTV 1038,Inspection of Shot-peened Parts,116301,רוד דן,,,01/12/2008,01/12/2008,Active,,,
7170,MTU Aero Engines AG,MTV 1039,Inspection  Thermal spraying,115402,טרננקו ויטלי,,,01/08/2005,01/11/2013,Active,,,
7170,MTU Aero Engines AG,MTV 1039-1,INSPECTION OF THERMAL SPRAYED COATINGS,,,,,01/02/2002,01/02/2002,Active,,,
7170,MTU Aero Engines AG,MTV 1040,Metallographic inspection of thermal sprayed coatings,106815,וולפמן בוריס,,,01/04/1983,01/10/2015,Active,,,
7170,MTU Aero Engines AG,MTV 1041,ADHESION TENSILE TESTING OF THERMAL-SPRAYED SPECIMENS,106815,וולפמן בוריס,,16,01/03/1983,01/04/2016,Active,,,
7170,MTU Aero Engines AG,MTV 1042,HARDNESS TESTING OF THERMAL-SPRAYED COATINGS,,,,17,01/12/1982,01/02/2017,Active,,,
7170,MTU Aero Engines AG,MTV 1043,BIEGEGRUFUNG THERMISCH GESPRITZTER PROBEN,,,,,01/04/1983,01/04/1983,Active,,,
7170,MTU Aero Engines AG,MTV 1047,Training and qualification of thermal spraying personnel,115402,טרננקו ויטלי,,,01/06/2002,01/10/2007,Active,,,
7170,MTU Aero Engines AG,MTV 105,Chemical and electrolytic surface treatment General and special instructions,111534,רוזנשטיין צ'רלס,,,01/12/2008,01/12/2017,Active,,,
7170,MTU Aero Engines AG,MTV 106,TRICHLOROETHENE VAPOUR DEGREASING OF COMPONENTS,,,,,01/08/1994,01/08/1994,Active,,,
7170,MTU Aero Engines AG,MTV 1066,Heat tint testing of nickel-alloy components,,,,C,01/05/2006,01/05/2006,Active,,,
7170,MTU Aero Engines AG,MTV 107,ENGINE COMPONENTS,,,,,01/07/2000,01/07/2000,Active,,,
7170,MTU Aero Engines AG,MTV 1076,Strain-controlled low cycle fatigue (LCF) testing,106815,וולפמן בוריס,,,01/03/2005,01/03/2005,Active,,,
7170,MTU Aero Engines AG,MTV 1082,Testing of balancing machines,88500,לפיד אלדד,,,01/07/2005,01/07/2005,Active,,,
7170,MTU Aero Engines AG,MTV 1083-1,INSPECTING THE ORIENTATION OF SINGLE CRYSTALS; DEFINITION OF ANGLES,105155,הרוש ציון,,90,01/04/1990,01/04/1990,Active,,,
7170,MTU Aero Engines AG,MTV 1083-2,INSPECTING THE ORIENTATION OF SINGLE CRYSTALS; LAUE BACK-REFLECTION METHOD,105155,הרוש ציון,,90,01/08/1990,01/08/1990,Active,,,
7170,MTU Aero Engines AG,MTV 1083-3,INSPECTING THE ORIENTATION OF SINGLE CRYSTALS; DETERMINATION OF GRAIN BOUNDARY ANGLE,105155,הרוש ציון,,90,01/08/1990,01/08/1990,Active,,,
7170,MTU Aero Engines AG,MTV 1098,Measurment of surface roughness of turbine blades and vanes,112102,רז שלמה,,11,01/08/1991,01/11/2011,Active,,,
7170,MTU Aero Engines AG,MTV 110,Presarvation of component,,,,20,01/07/2007,01/01/2020,Active,,,
7170,MTU Aero Engines AG,MTV 1112,Visual inspection Thermal spray coatings,113522,נפמן אוראל,,16,01/11/1995,01/12/2017,Active,,,
7170,MTU Aero Engines AG,MTV 1117,Qualification of shot peening personnel,116301,רוד דן,,,01/07/2005,01/01/2013,Active,,,
7170,MTU Aero Engines AG,MTV 1118,Inspection and Approval of Shot Peening Equipment,116301,רוד דן,,-,17/11/2008,01/09/2005,Active,,,
7170,MTU Aero Engines AG,MTV 112,Preservation of components prior MPI,,,,19,01/05/1984,01/10/2019,Active,,,
7170,MTU Aero Engines AG,MTV 1122,Dimentional inspection of turbine blades and vanes,,,,99,01/07/1999,01/07/1999,Active,,,
7170,MTU Aero Engines AG,MTV 1127,Metallographic examination methods Procedure,106815,וולפמן בוריס,,,01/02/2009,01/07/2013,Active,,,
7170,MTU Aero Engines AG,MTV 1143,"Inspection of compressor blading
based on cut-off wavelength and roughness evaluation length as per ISO",52258,קציר עמוס,,16,01/06/2005,01/04/2016,Active,,,
7170,MTU Aero Engines AG,MTV 1169,Inspection of workplace lighting,52258,קציר עמוס,,,01/06/2006,01/06/2006,Active,,,
7170,MTU Aero Engines AG,MTV 1182,"Velocity measurement in peening
processes",116301,רוד דן,,,01/07/2011,01/06/2018,Active,,,
7170,MTU Aero Engines AG,MTV 1188,"Compressor and turbine rotor
component; Stacking requirements",88500,לפיד אלדד,,17,01/09/2010,01/03/2017,Active,,,
7170,MTU Aero Engines AG,MTV 1202,Measurement system analysis (MSA),307,דיין משה,,,01/09/2015,01/09/2015,Active,,,
7170,MTU Aero Engines AG,MTV 1206,Inspection of turbine disk slots,52258,קציר עמוס,,19,01/06/2017,01/10/2019,Active,,,
7170,MTU Aero Engines AG,MTV 122,Cleaning of components,111534,רוזנשטיין צ'רלס,,,01/08/1989,01/03/2016,Active,,,
7170,MTU Aero Engines AG,MTV 124,"Cleaning of engine components made of iron, nickel, cobalt and magnesium materials",,,,,01/04/2009,01/07/2018,Active,,,
7170,MTU Aero Engines AG,MTV 150,Elektrochmisches bohren-GE,,,,17,01/09/2002,01/07/2017,Active,,,
7170,MTU Aero Engines AG,MTV 155,Tungsten inert gas welding,110932,שר יעקב,12,15,01/02/1982,01/12/2015,Active,,,
7170,MTU Aero Engines AG,MTV 157-7,"Stress relief and outgassing of
components before and after
silver plating",116301,רוד דן,,18,01/06/2018,01/06/2018,Active,,,
7170,MTU Aero Engines AG,MTV 1632,"Component-specific verification of the
frequency distribution of the drawing
dimensions of profiled slots",88500,לפיד אלדד,,18,01/09/2018,01/12/2018,Active,,,
7170,MTU Aero Engines AG,MTV 170,Masking of components with lacquer,111534,רוזנשטיין צ'רלס,,,01/11/2011,01/04/2018,Active,,,
7170,MTU Aero Engines AG,MTV 171,Masking of components with wax,,,,,01/11/1989,01/09/2000,Active,,,
7170,MTU Aero Engines AG,MTV 172,Masking of components with tapes,112052,גור מיטל,,18,01/04/2018,01/04/2018,Active,,,
7170,MTU Aero Engines AG,MTV 187,Etch inspection for segregations,112052,גור מיטל,,17,01/07/2009,01/06/2017,Active,,,
7170,MTU Aero Engines AG,MTV 2,Identification marking of engine items,52258,קציר עמוס,,19,01/01/2008,01/01/2019,Active,,,
7170,MTU Aero Engines AG,MTV 2 Beiblatt 5,Identification marking of engine items,88500,לפיד אלדד,,,01/04/2009,01/04/2019,Active,,,
7170,MTU Aero Engines AG,MTV 2-1,Identification marking of engine items -Program related information,52258,קציר עמוס,,19,01/01/2008,01/05/2019,Active,,,
7170,MTU Aero Engines AG,MTV 2-2,IDENTIFICATION MARKING OF ENGINE ITEMS,88500,לפיד אלדד,,,01/03/2005,01/01/2014,Active,,,
7170,MTU Aero Engines AG,MTV 224,Anodic etch inspection for segregation on nickel component,112052,גור מיטל,,14,01/05/2005,01/07/2014,Active,,,
7170,MTU Aero Engines AG,MTV 227,Stripping of thermal spray coatings,112052,גור מיטל,,17,01/10/2015,01/07/2017,Active,,,
7170,MTU Aero Engines AG,MTV 238,"Chemical etch inspection for macrograin and/or segregations
in engine components",106815,וולפמן בוריס,,16,01/01/2005,01/06/2016,Active,,,
7170,MTU Aero Engines AG,MTV 239,CHEMICAL ETCH INSPECTION,,,,18,01/04/2004,01/05/2018,Active,,,
7170,MTU Aero Engines AG,MTV 240,Sutton finishing,,,,2,01/12/2002,01/12/2002,Active,,,
7170,MTU Aero Engines AG,MTV 241,Riveting,88500,לפיד אלדד,,,01/10/1989,01/04/2008,Active,,,
7170,MTU Aero Engines AG,MTV 242,Build-up welding on turbine blades,115402,טרננקו ויטלי,,,01/09/2002,01/02/2013,Active,,,
7170,MTU Aero Engines AG,MTV 245,"Chemical etching for pre-treatment of
oxide-free components in chromiumnickel
steels, nickel an cobalt materials
prior to crack testing",112052,גור מיטל,,,01/04/1992,01/01/2007,Active,,,
7170,MTU Aero Engines AG,MTV 247,Local etching of components,,,,C,01/03/1981,01/03/1981,Active,,,
7170,MTU Aero Engines AG,MTV 264,NICKEL PLATING OF COMPONENTS,111534,רוזנשטיין צ'רלס,,,01/03/2000,01/10/2014,Active,,,
7170,MTU Aero Engines AG,MTV 268,"Stripping the silver plating from
components in iron, nickel and cobalt
materials",111534,רוזנשטיין צ'רלס,,,01/06/2013,01/06/2013,Active,,,
7170,MTU Aero Engines AG,MTV 274,ELECTROLESS NICKEL PLATING,111534,רוזנשטיין צ'רלס,,,01/03/2000,01/10/2014,Active,,,
7170,MTU Aero Engines AG,MTV 3,Production approval and overhaul approval,307,דיין משה,,17,01/12/2005,01/06/2017,Active,,,
7170,MTU Aero Engines AG,MTV 3 BBL 1,"Production approval and overhaul approval/
CMT control of production and overhaul processes
Forms",88500,לפיד אלדד,,,01/12/2005,01/11/2015,Active,,,
7170,MTU Aero Engines AG,MTV 3 BBL 3,"Production approval and overhaul
approval/
CMT control of production and overhaul
processes
List of special processes",88500,לפיד אלדד,,,01/05/2014,01/05/2015,Active,,,
7170,MTU Aero Engines AG,MTV 3-2,HERSTELL-UND INSTANDSETZUNGSZULASSUNG/CMT-FERTGUNGS-UND....,,,,,01/12/2005,01/12/2005,Active,,,
7170,MTU Aero Engines AG,MTV 304,SILVER PLATING OF COMPONENTS IN NICKEL AND COBALT MATERIALS,111534,רוזנשטיין צ'רלס,,,01/07/2001,01/07/2014,Active,,,
7170,MTU Aero Engines AG,MTV 329,Electric sparh machining-EDM Process,,,,17,01/11/2002,01/02/2017,Active,,,
7170,MTU Aero Engines AG,MTV 329 BBL 1,Check list for EDM process approval,,,,17,01/02/2017,01/02/2017,Active,,,
7170,MTU Aero Engines AG,MTV 336,"Inert-gas arc welding
Plasma tungsten arc welding (reference number 15)
CMT process (MTV 3)",115402,טרננקו ויטלי,,,01/12/2005,01/05/2012,Active,,,
7170,MTU Aero Engines AG,MTV 337,"High-temperature brazing brazing in vacuum or hydrogen
Joint brazing and honeycomb brazing
Process reference numbers 924 (vacuum) and 913 (hydrogen)",115402,טרננקו ויטלי,,,01/09/2012,01/09/2012,Active,,,
7170,MTU Aero Engines AG,MTV 338-1,Heat treatment of components in nickel alloys,116301,רוד דן,12,13,01/11/2005,01/09/2013,Active,,,
7170,MTU Aero Engines AG,MTV 338-10,"Heat treatment of components in
Inconel 718 Short-time precipitation hardened",116301,רוד דן,,19,01/10/1994,01/05/2019,Active,,,
7170,MTU Aero Engines AG,MTV 338-11,"Heat treatment of components in
Ren? 41",116301,רוד דן,,,01/11/2005,01/04/2015,Active,,,
7170,MTU Aero Engines AG,MTV 338-13,HEAT TREATMENT OF CAST NICKEL BASE ALLOY COMPONENTS,116301,רוד דן,,17,01/11/2010,01/02/2017,Active,,,
7170,MTU Aero Engines AG,MTV 340-1,HIP Of components made of nickel alloys,116301,רוד דן,,16,01/04/1982,01/04/2016,Active,,,
7170,MTU Aero Engines AG,MTV 340-2,HIP Of components made of nickel alloys-IPT Blades,,,,C,01/04/1982,01/04/1982,Active,,,
7170,MTU Aero Engines AG,MTV 340-3,HIP for HPT blades,,,,,01/01/1984,01/01/1984,Active,,,
7170,MTU Aero Engines AG,MTV 341,Electron beam welding,110932,שר יעקב,12,17,01/10/1981,01/01/2017,Active,,,
7170,MTU Aero Engines AG,MTV 342,WIDERSANDSSCHWEIBES DIMENSIONS IN MM,,,,,01/07/1982,01/07/1982,Active,,,
7170,MTU Aero Engines AG,MTV 355,Blast cleaning dry blasting,112425,תמיר מוטי,,,01/06/2005,10/04/2013,Active,,,
7170,MTU Aero Engines AG,MTV 357,DRY BLASTING WITH SYNTHETIC BLASTING MEDIA FOR SURFACE,113522,נפמן אוראל,,17,01/07/2017,01/06/2016,Active,,,
7170,MTU Aero Engines AG,MTV 359,Shot Peening with Steel Shot or Glass Beads CMT Process,116301,רוד דן,,10,01/07/2008,01/02/2010,Active,,,
7170,MTU Aero Engines AG,MTV 360,Improving the surface finish of holes,88500,לפיד אלדד,,17,01/08/1999,01/02/2017,Active,,,
7170,MTU Aero Engines AG,MTV 361,LIQUID BUFFING,,,,82,01/02/1982,01/02/1982,Active,,,
7170,MTU Aero Engines AG,MTV 364-1,Flame spraying,115402,טרננקו ויטלי,,17,01/12/2014,01/02/2017,Active,,,
7170,MTU Aero Engines AG,MTV 365-1,Plasma spraying -basic principles,115402,טרננקו ויטלי,,17,01/11/2005,01/02/2017,Active,,,
7170,MTU Aero Engines AG,MTV 372,Repair welding of component in cast materials,,,,18,01/03/1983,01/08/2018,Active,,,
7170,MTU Aero Engines AG,MTV 387,Tumbeling,105155,הרוש ציון,,15,01/11/2006,01/09/2015,Active,,,
7170,MTU Aero Engines AG,MTV 409,Installation and removal procedure,88500,לפיד אלדד,,,01/01/1993,01/12/2008,Active,,,
7170,MTU Aero Engines AG,MTV 415,Electrolytic marking,88500,לפיד אלדד,,,01/02/2005,01/03/2010,Active,,,
7170,MTU Aero Engines AG,MTV 422,EIN-UND AUSBAUEN VON SELBSTSICHERNDEN,,,,,01/09/1989,01/09/1989,Active,,,
7170,MTU Aero Engines AG,MTV 424-3,Heat treatment of components in MAR-M 509,,,,C,01/10/2005,01/10/2005,Active,,,
7170,MTU Aero Engines AG,MTV 435,"Anodic etching of single-crystal blades
preparatory to visual inspection",112052,גור מיטל,,,01/04/2017,01/04/2017,Active,,,
7170,MTU Aero Engines AG,MTV 440 T1,Hot isostatic pressing of components,,,,C,01/04/1982,01/04/1982,Active,,,
7170,MTU Aero Engines AG,MTV 464,"Stripping of thermal spray coatings
and diffusion coatings",115402,טרננקו ויטלי,,17,01/08/2016,01/01/2017,Active,,,
7170,MTU Aero Engines AG,MTV 490,Balancing of rigid rotors,114678,אוסעדון תומר,,,01/10/2005,01/12/2013,Active,,,
7170,MTU Aero Engines AG,MTV 490-1,"Procedure for balancing rigid rotors
on rotating balancing machines",114678,אוסעדון תומר,,,01/12/2013,01/12/2013,Active,,,
7170,MTU Aero Engines AG,MTV 495,"Blast cleaning
with plastic media
Dry blasting",111534,רוזנשטיין צ'רלס,,,01/04/2012,01/06/2014,Active,,,
7170,MTU Aero Engines AG,MTV 499,Cleaning of components,,,,,03/03/2009,01/04/2019,Active,,,
7170,MTU Aero Engines AG,MTV 532,Rotary and vibratory Sutton finishing,88500,לפיד אלדד,,10,01/09/2003,01/01/2010,Active,,,
7170,MTU Aero Engines AG,MTV 548,Drilling of holes and machining of hole,88500,לפיד אלדד,,6,01/04/2006,01/04/2006,Active,,,
7170,MTU Aero Engines AG,MTV 548-1,Drilling of holes and machining og holes edges in critical components,88500,לפיד אלדד,,,01/07/1996,01/03/2013,Active,,,
7170,MTU Aero Engines AG,MTV 548-2,Drilling of holes and machining of hole edges in critical components/areas,88500,לפיד אלדד,,,01/06/2005,01/03/2014,Active,,,
7170,MTU Aero Engines AG,MTV 548-2 BBL3,"Mandatory requirements for the manufacture
of bolt holes in LPT disks",88500,לפיד אלדד,,19,01/10/2013,01/07/2019,Active,,,
7170,MTU Aero Engines AG,MTV 548-3,"Herstellen von Bohrungen und deren Kanten
In kritischen Bauteilen/Bereichen
Proze??berwachung f?r der Bohrungstyp C",88500,לפיד אלדד,,,01/10/2003,01/02/2018,Active,,,
7170,MTU Aero Engines AG,MTV 548-4,"Drilling of holes and machining of hole
edges in critical components / areas",88500,לפיד אלדד,,,01/07/2011,01/10/2013,Active,,,
7170,MTU Aero Engines AG,MTV 548-4 BBL1,"Mandatory requirements on the
manufacturing of boltholes
for LPT disks",88500,לפיד אלדד,,,01/07/2011,01/03/2016,Active,,,
7170,MTU Aero Engines AG,MTV 556,Removal of Wax,105155,הרוש ציון,,17,01/07/2004,01/01/2017,Active,,,
7170,MTU Aero Engines AG,MTV 560,Laser cutting,88500,לפיד אלדד,,,01/10/2003,01/03/2013,Active,,,
7170,MTU Aero Engines AG,MTV 562-1,"Cleaning of engine components
with nitric acid solution
Nickel materials",108449,לנדאו אשר,,,01/12/1994,01/07/2016,Active,,,
7170,MTU Aero Engines AG,MTV 573,"Manual surface dressing and rounding of edges
on aero engine blades and vanes",105155,הרוש ציון,,,01/11/2004,01/06/2014,Active,,,
7170,MTU Aero Engines AG,MTV 574,Brush-polishing of engine components,88500,לפיד אלדד,,19,01/01/2004,01/05/2019,Active,,,
7170,MTU Aero Engines AG,MTV 586,Chemically assisted vibratory tumbling,88500,לפיד אלדד,,,01/11/2005,01/10/2015,Active,,,
7170,MTU Aero Engines AG,MTV 593,"Manufacture of fabricated
compressor stators",88500,לפיד אלדד,,,01/09/2005,01/09/2005,Active,,,
7170,MTU Aero Engines AG,MTV 605,Cleaning of engine component,,,,C,01/05/1999,01/05/1999,Active,,,
7170,MTU Aero Engines AG,MTV 607,ZERTORUNGSFREIE ORUFUNG PRUFATZEN GRUNDNORM,,,,,01/05/2003,01/05/2003,Active,,,
7170,MTU Aero Engines AG,MTV 607 1,Etch inspection,112052,גור מיטל,,,01/09/2005,01/10/2015,Active,,,
7170,MTU Aero Engines AG,MTV 607-3,Chemical etch inspection for macrograin in engine components,,,,C,01/03/2007,01/03/2007,Active,,,
7170,MTU Aero Engines AG,MTV 607-4,"Local etching of components made from
nickel and cobalt materials",112052,גור מיטל,,,01/09/2009,01/09/2009,Active,,,
7170,MTU Aero Engines AG,MTV 609,Degreasing of components,,,,18,01/12/2002,01/05/2018,Active,,,
7170,MTU Aero Engines AG,MTV 615,Laser beam welding (LB welding),115402,טרננקו ויטלי,,,01/09/2002,01/09/2002,Active,,,
7170,MTU Aero Engines AG,MTV 616,Laser marking,88500,לפיד אלדד,,,01/10/2002,01/08/2011,Active,,,
7170,MTU Aero Engines AG,MTV 623,Local cleaning of components,112052,גור מיטל,,9,01/07/2009,01/07/2009,Active,,,
7170,MTU Aero Engines AG,MTV 628,Turning on the lathe,88500,לפיד אלדד,,18,01/02/2009,01/06/2018,Active,,,
7170,MTU Aero Engines AG,MTV 628 B-1,"Mandatory requirements on the
turning operation for
LPT-Disks",88500,לפיד אלדד,,,01/03/2012,11/12/2012,Active,,,
7170,MTU Aero Engines AG,MTV 632,Broaching,88500,לפיד אלדד,,18,01/03/2009,01/04/2018,Active,,,
7170,MTU Aero Engines AG,MTV 632 BBL1,"Inspection of the loaded flank profile on
profiled slots",88500,לפיד אלדד,,18,01/07/2016,01/08/2018,Active,,,
7170,MTU Aero Engines AG,MTV 633,Regrinding of Broaching Tools,88500,לפיד אלדד,,18,01/06/2007,01/08/2018,Active,,,
7170,MTU Aero Engines AG,MTV 634,Milling,88500,לפיד אלדד,,,01/02/2004,01/11/2013,Active,,,
7170,MTU Aero Engines AG,MTV 634-1,MILLING,88500,לפיד אלדד,12,17,01/12/2005,01/10/2017,Active,,,
7170,MTU Aero Engines AG,MTV 634-2,"Typical Metallographic Sections
for Milling",106815,וולפמן בוריס,,,01/12/2005,01/12/2005,Active,,,
7170,MTU Aero Engines AG,MTV 635,Repair of rotating tools,88500,לפיד אלדד,12,17,01/06/2007,01/10/2017,Active,,,
7170,MTU Aero Engines AG,MTV 636,Gear shaping,88500,לפיד אלדד,,18,01/04/2014,01/11/2018,Active,,,
7170,MTU Aero Engines AG,MTV 643,Dry Blast Radiusing,88500,לפיד אלדד,,,01/04/2010,01/04/2010,Active,,,
7170,MTU Aero Engines AG,MTV 648,"Ultrasonic Shot Peening for Critical
Applications using Round Shot
CMT Controlled Process",116301,רוד דן,,,01/03/2009,01/03/2009,Active,,,
7170,MTU Aero Engines AG,MTV 650,Coolants for Metalcutting,,,,6,01/01/2006,01/01/2006,Active,,,
7170,MTU Aero Engines AG,MTV 651,"Removal of balancing value at
major rotor parts",88500,לפיד אלדד,,,01/12/2007,01/06/2013,Active,,,
7170,MTU Aero Engines AG,MTV 661,Regrinding of turning tools,88500,לפיד אלדד,,,01/05/2007,01/02/2016,Active,,,
7170,MTU Aero Engines AG,MTV 664,Identification marking of tools,88500,לפיד אלדד,,,01/07/2008,01/11/2012,Active,,,
7170,MTU Aero Engines AG,MTV 664-1,Identification marking of tools,88500,לפיד אלדד,,19,01/12/2012,01/07/2019,Active,,,
7170,MTU Aero Engines AG,MTV 677,"Shot Peening
On Critical Applications",116301,רוד דן,,,01/11/2009,01/09/2013,Active,,,
7170,MTU Aero Engines AG,MTV 678,"Dry grit blasting of castings
in preparation for
fluorescent penetrant inspection (FPI)",105155,הרוש ציון,,,01/02/2010,01/11/2011,Active,,,
7170,MTU Aero Engines AG,MTV 700,Heat treatment General requirements,116301,רוד דן,,19,01/10/2008,01/12/2019,Active,,,
7170,MTU Aero Engines AG,MTV 702,Investment casting of nickel and cobalt base alloys Production requirements,,,,-,01/11/2008,01/11/2008,Active,,,
7170,MTU Aero Engines AG,MTV 705,"Thermal spraying
Basic principles",,,,17,01/04/2017,01/04/2017,Active,,,
7170,MTU Aero Engines AG,MTV 818,Machine brushing of holes Rounding of hole edges Surface improvement of holes,88500,לפיד אלדד,,14,01/02/2014,01/02/2014,Active,,,
7170,MTU Aero Engines AG,MTV-841,"Chemical etching for pre-treatment of
engine components prior to fluorescent
penetration inspection",112052,גור מיטל,,18,01/12/2018,01/12/2018,Active,,,
7170,MTU Aero Engines AG,MTV376,Mechanische Bearbeitung von thermischen Spritzschichten,88500,לפיד אלדד,,,01/05/2005,01/05/2005,Active,,,
7170,MTU Aero Engines AG,SQN09-001,"Supplier Quality Notification ,Control of Serial Numbers ,Audit Results 2008",,,,C,00/00/0000,00/00/0000,Active,,,
7170,MTU Aero Engines AG,SQN09-002,"Supplier Quality Notification-Wall thickness under min tolerance, Airfoil contamination with foreign material",,,,,08/07/2009,08/07/2009,Active,,,
